{"Version":2,"SourceFileDate":133927404626864474,"Flags":["FL_BITMAP_COMPRESSION","FL_BITMAP_MIPMAP","FL_BITMAP_QUALITY_HIGH","FL_BITMAP_PRECOMPUTED_INV_AVG"],"InvAvgColor":[1.1659857034683228,1.9309468269348145,37.847236633300781],"HasTransp":true}