{"Version":2,"SourceFileDate":133927404626929603,"Flags":["FL_BITMAP_COMPRESSION","FL_BITMAP_MIPMAP","FL_BITMAP_QUALITY_HIGH","FL_BITMAP_PRECOMPUTED_INV_AVG"],"InvAvgColor":[1.1116582155227661,1.8410149812698364,36.124134063720703],"HasTransp":true}