{"Version":2,"SourceFileDate":133927404626989814,"Flags":["FL_BITMAP_COMPRESSION","FL_BITMAP_MIPMAP","FL_BITMAP_QUALITY_HIGH","FL_BITMAP_PRECOMPUTED_INV_AVG"],"InvAvgColor":[1.1327722072601318,1.8759208917617798,36.78118896484375],"HasTransp":true}