{"Version":2,"SourceFileDate":133927404627054930,"Flags":["FL_BITMAP_COMPRESSION","FL_BITMAP_MIPMAP","FL_BITMAP_QUALITY_HIGH","FL_BITMAP_PRECOMPUTED_INV_AVG"],"InvAvgColor":[1.2890468835830688,2.1347570419311523,41.833827972412109],"HasTransp":true}