{"Version":2,"SourceFileDate":133413071259030155,"Flags":["FL_BITMAP_COMPRESSION","FL_BITMAP_MIPMAP","FL_BITMAP_QUALITY_HIGH","FL_BITMAP_PRECOMPUTED_INV_AVG"],"InvAvgColor":[1.1611565351486206,1.9227890968322754,37.684158325195312],"HasTransp":true}