{"Version":2,"SourceFileDate":133413071256990306,"Flags":["FL_BITMAP_COMPRESSION","FL_BITMAP_MIPMAP","FL_BITMAP_QUALITY_HIGH","FL_BITMAP_PRECOMPUTED_INV_AVG"],"InvAvgColor":[1.1576306819915771,1.9169702529907227,37.572208404541016],"HasTransp":true}