{"Version":2,"SourceFileDate":133413071256779751,"Flags":["FL_BITMAP_COMPRESSION","FL_BITMAP_MIPMAP","FL_BITMAP_QUALITY_HIGH","FL_BITMAP_PRECOMPUTED_INV_AVG"],"InvAvgColor":[1.3437920808792114,2.225238561630249,43.572547912597656],"HasTransp":true}