{"Version":2,"SourceFileDate":133927404627330487,"Flags":["FL_BITMAP_COMPRESSION","FL_BITMAP_MIPMAP","FL_BITMAP_QUALITY_HIGH","FL_BITMAP_PRECOMPUTED_INV_AVG"],"InvAvgColor":[1.1574740409851074,1.9167625904083252,37.565814971923828],"HasTransp":true}