{"Version":2,"SourceFileDate":133927404627390661,"Flags":["FL_BITMAP_COMPRESSION","FL_BITMAP_MIPMAP","FL_BITMAP_QUALITY_HIGH","FL_BITMAP_PRECOMPUTED_INV_AVG"],"InvAvgColor":[1.165179967880249,1.9294328689575195,37.809967041015625],"HasTransp":true}