{"Version":2,"SourceFileDate":133413071266661133,"Flags":["FL_BITMAP_COMPRESSION","FL_BITMAP_MIPMAP","FL_BITMAP_QUALITY_HIGH","FL_BITMAP_PRECOMPUTED_INV_AVG"],"InvAvgColor":[1.1715281009674072,1.9399516582489014,38.008480072021484],"HasTransp":true}