{"Version":2,"SourceFileDate":133927404627512514,"Flags":["FL_BITMAP_COMPRESSION","FL_BITMAP_MIPMAP","FL_BITMAP_QUALITY_HIGH","FL_BITMAP_PRECOMPUTED_INV_AVG"],"InvAvgColor":[1.1741272211074829,1.9442784786224365,38.092433929443359],"HasTransp":true}