{"Version":2,"SourceFileDate":133927404627577611,"Flags":["FL_BITMAP_COMPRESSION","FL_BITMAP_MIPMAP","FL_BITMAP_QUALITY_HIGH","FL_BITMAP_PRECOMPUTED_INV_AVG"],"InvAvgColor":[1.170825719833374,1.9387930631637573,37.98486328125],"HasTransp":true}