{"Version":2,"SourceFileDate":133413071265582343,"Flags":["FL_BITMAP_COMPRESSION","FL_BITMAP_MIPMAP","FL_BITMAP_QUALITY_HIGH","FL_BITMAP_PRECOMPUTED_INV_AVG"],"InvAvgColor":[1.1611850261688232,1.9228740930557251,37.673187255859375],"HasTransp":true}