{"Version":2,"SourceFileDate":133927404627697862,"Flags":["FL_BITMAP_COMPRESSION","FL_BITMAP_MIPMAP","FL_BITMAP_QUALITY_HIGH","FL_BITMAP_PRECOMPUTED_INV_AVG"],"InvAvgColor":[1.1292558908462524,1.8701404333114624,36.665111541748047],"HasTransp":true}