{"Version":2,"SourceFileDate":133927404627762996,"Flags":["FL_BITMAP_COMPRESSION","FL_BITMAP_MIPMAP","FL_BITMAP_QUALITY_HIGH","FL_BITMAP_PRECOMPUTED_INV_AVG"],"InvAvgColor":[1.1574455499649048,1.9166895151138306,37.561794281005859],"HasTransp":true}