{"Version":2,"SourceFileDate":133413071266269550,"Flags":["FL_BITMAP_COMPRESSION","FL_BITMAP_MIPMAP","FL_BITMAP_QUALITY_HIGH","FL_BITMAP_PRECOMPUTED_INV_AVG"],"InvAvgColor":[1.1539440155029297,1.9109107255935669,37.450634002685547],"HasTransp":true}