{"Version":2,"SourceFileDate":133413071258061208,"Flags":["FL_BITMAP_COMPRESSION","FL_BITMAP_MIPMAP","FL_BITMAP_QUALITY_HIGH","FL_BITMAP_PRECOMPUTED_INV_AVG"],"InvAvgColor":[1.1537885665893555,1.910704493522644,37.444282531738281],"HasTransp":true}