{"Version":2,"SourceFileDate":133927404627930118,"Flags":["FL_BITMAP_COMPRESSION","FL_BITMAP_MIPMAP","FL_BITMAP_QUALITY_HIGH","FL_BITMAP_PRECOMPUTED_INV_AVG"],"InvAvgColor":[1.1614409685134888,1.9232872724533081,37.686714172363281],"HasTransp":true}