{"Version":2,"SourceFileDate":133413071265652696,"Flags":["FL_BITMAP_COMPRESSION","FL_BITMAP_MIPMAP","FL_BITMAP_QUALITY_HIGH","FL_BITMAP_PRECOMPUTED_INV_AVG"],"InvAvgColor":[1.1678564548492432,1.9339107275009155,37.887729644775391],"HasTransp":true}