{"Version":2,"SourceFileDate":133927404628065464,"Flags":["FL_BITMAP_COMPRESSION","FL_BITMAP_MIPMAP","FL_BITMAP_QUALITY_HIGH","FL_BITMAP_PRECOMPUTED_INV_AVG"],"InvAvgColor":[1.1391564607620239,1.88641357421875,36.984241485595703],"HasTransp":true}