{"Version":2,"SourceFileDate":133927404628130591,"Flags":["FL_BITMAP_COMPRESSION","FL_BITMAP_MIPMAP","FL_BITMAP_QUALITY_HIGH","FL_BITMAP_PRECOMPUTED_INV_AVG"],"InvAvgColor":[1.1705551147460938,1.9383951425552368,37.975196838378906],"HasTransp":true}