{"Version":2,"SourceFileDate":133927404628186933,"Flags":["FL_BITMAP_COMPRESSION","FL_BITMAP_MIPMAP","FL_BITMAP_QUALITY_HIGH","FL_BITMAP_PRECOMPUTED_INV_AVG"],"InvAvgColor":[1.1671583652496338,1.9327592849731445,37.8642578125],"HasTransp":true}