{"Version":2,"SourceFileDate":133927404628252056,"Flags":["FL_BITMAP_COMPRESSION","FL_BITMAP_MIPMAP","FL_BITMAP_QUALITY_HIGH","FL_BITMAP_PRECOMPUTED_INV_AVG"],"InvAvgColor":[1.1522940397262573,1.9083983898162842,37.419715881347656],"HasTransp":true}