{"Version":2,"SourceFileDate":133927404628307143,"Flags":["FL_BITMAP_COMPRESSION","FL_BITMAP_MIPMAP","FL_BITMAP_QUALITY_HIGH","FL_BITMAP_PRECOMPUTED_INV_AVG"],"InvAvgColor":[1.1612801551818848,1.9230192899703979,37.683643341064453],"HasTransp":true}