{"Version":2,"SourceFileDate":133927404628362265,"Flags":["FL_BITMAP_COMPRESSION","FL_BITMAP_MIPMAP","FL_BITMAP_QUALITY_HIGH","FL_BITMAP_PRECOMPUTED_INV_AVG"],"InvAvgColor":[1.1294292211532593,1.8704090118408203,36.678009033203125],"HasTransp":true}