{"Version":2,"SourceFileDate":133413071243587349,"Flags":["FL_BITMAP_COMPRESSION","FL_BITMAP_MIPMAP","FL_BITMAP_QUALITY_HIGH","FL_BITMAP_PRECOMPUTED_INV_AVG"],"InvAvgColor":[1.1576441526412964,1.9169987440109253,37.575855255126953],"HasTransp":true}