{"Version":2,"SourceFileDate":133413071248295719,"Flags":["FL_BITMAP_COMPRESSION","FL_BITMAP_MIPMAP","FL_BITMAP_QUALITY_HIGH","FL_BITMAP_PRECOMPUTED_INV_AVG"],"InvAvgColor":[1.1773676872253418,1.9497958421707153,38.209770202636719],"HasTransp":true}