{"Version":2,"SourceFileDate":133413071263457577,"Flags":["FL_BITMAP_COMPRESSION","FL_BITMAP_MIPMAP","FL_BITMAP_QUALITY_HIGH","FL_BITMAP_PRECOMPUTED_INV_AVG"],"InvAvgColor":[1.1269441843032837,1.8663393259048462,36.617912292480469],"HasTransp":true}