{"Version":2,"SourceFileDate":133413071257120699,"Flags":["FL_BITMAP_COMPRESSION","FL_BITMAP_MIPMAP","FL_BITMAP_QUALITY_HIGH","FL_BITMAP_PRECOMPUTED_INV_AVG"],"InvAvgColor":[1.1816625595092773,1.9569149017333984,38.35107421875],"HasTransp":true}