{"Version":2,"SourceFileDate":133413071259436526,"Flags":["FL_BITMAP_COMPRESSION","FL_BITMAP_MIPMAP","FL_BITMAP_QUALITY_HIGH","FL_BITMAP_PRECOMPUTED_INV_AVG"],"InvAvgColor":[1.2169482707977295,2.0152058601379395,39.473297119140625],"HasTransp":true}