{"Version":2,"SourceFileDate":133927404628741607,"Flags":["FL_BITMAP_COMPRESSION","FL_BITMAP_MIPMAP","FL_BITMAP_QUALITY_HIGH","FL_BITMAP_PRECOMPUTED_INV_AVG"],"InvAvgColor":[1.1647257804870605,1.928796648979187,37.781864166259766],"HasTransp":true}