{"Version":2,"SourceFileDate":133927404628806800,"Flags":["FL_BITMAP_COMPRESSION","FL_BITMAP_MIPMAP","FL_BITMAP_QUALITY_HIGH","FL_BITMAP_PRECOMPUTED_INV_AVG"],"InvAvgColor":[1.1946226358413696,1.9781672954559326,38.730693817138672],"HasTransp":true}