{"Version":2,"SourceFileDate":133413071266032575,"Flags":["FL_BITMAP_COMPRESSION","FL_BITMAP_MIPMAP","FL_BITMAP_QUALITY_HIGH","FL_BITMAP_PRECOMPUTED_INV_AVG"],"InvAvgColor":[1.1910226345062256,1.9722195863723755,38.617000579833984],"HasTransp":true}