{"Version":2,"SourceFileDate":133413071244979500,"Flags":["FL_BITMAP_COMPRESSION","FL_BITMAP_MIPMAP","FL_BITMAP_QUALITY_HIGH","FL_BITMAP_PRECOMPUTED_INV_AVG"],"InvAvgColor":[1.19085693359375,1.9719997644424438,38.610240936279297],"HasTransp":true}