{"Version":2,"SourceFileDate":133413071267011377,"Flags":["FL_BITMAP_COMPRESSION","FL_BITMAP_MIPMAP","FL_BITMAP_QUALITY_HIGH","FL_BITMAP_PRECOMPUTED_INV_AVG"],"InvAvgColor":[1.1988792419433594,1.9851959943771362,38.863521575927734],"HasTransp":true}