{"Version":2,"SourceFileDate":133413071261832094,"Flags":["FL_BITMAP_COMPRESSION","FL_BITMAP_MIPMAP","FL_BITMAP_QUALITY_HIGH","FL_BITMAP_PRECOMPUTED_INV_AVG"],"InvAvgColor":[1.2055971622467041,1.9963269233703613,39.073162078857422],"HasTransp":true}