{"Version":2,"SourceFileDate":133927404629127470,"Flags":["FL_BITMAP_COMPRESSION","FL_BITMAP_MIPMAP","FL_BITMAP_QUALITY_HIGH","FL_BITMAP_PRECOMPUTED_INV_AVG"],"InvAvgColor":[1.1571441888809204,1.9163405895233154,37.576759338378906],"HasTransp":true}