{"Version":2,"SourceFileDate":133927404629187662,"Flags":["FL_BITMAP_COMPRESSION","FL_BITMAP_MIPMAP","FL_BITMAP_QUALITY_HIGH","FL_BITMAP_PRECOMPUTED_INV_AVG"],"InvAvgColor":[1.132632851600647,1.8757376670837402,36.775821685791016],"HasTransp":true}