{"Version":2,"SourceFileDate":133413071266691148,"Flags":["FL_BITMAP_COMPRESSION","FL_BITMAP_MIPMAP","FL_BITMAP_QUALITY_HIGH","FL_BITMAP_PRECOMPUTED_INV_AVG"],"InvAvgColor":[1.1610227823257446,1.9226014614105225,37.680309295654297],"HasTransp":true}