{"Version":2,"SourceFileDate":133413071265500876,"Flags":["FL_BITMAP_COMPRESSION","FL_BITMAP_MIPMAP","FL_BITMAP_QUALITY_HIGH","FL_BITMAP_PRECOMPUTED_INV_AVG"],"InvAvgColor":[1.1574996709823608,1.9167870283126831,37.568443298339844],"HasTransp":true}