{"Version":2,"SourceFileDate":133927404629363096,"Flags":["FL_BITMAP_COMPRESSION","FL_BITMAP_MIPMAP","FL_BITMAP_QUALITY_HIGH","FL_BITMAP_PRECOMPUTED_INV_AVG"],"InvAvgColor":[1.1574470996856689,1.9167444705963135,37.565711975097656],"HasTransp":true}