{"Version":2,"SourceFileDate":133927404629428215,"Flags":["FL_BITMAP_COMPRESSION","FL_BITMAP_MIPMAP","FL_BITMAP_QUALITY_HIGH","FL_BITMAP_PRECOMPUTED_INV_AVG"],"InvAvgColor":[1.2072358131408691,1.9991263151168823,39.176307678222656],"HasTransp":true}