{"Version":2,"SourceFileDate":133927404629488399,"Flags":["FL_BITMAP_COMPRESSION","FL_BITMAP_MIPMAP","FL_BITMAP_QUALITY_HIGH","FL_BITMAP_PRECOMPUTED_INV_AVG"],"InvAvgColor":[1.1608747243881226,1.9223841428756714,37.66839599609375],"HasTransp":true}