{"Version":2,"SourceFileDate":133927404629556752,"Flags":["FL_BITMAP_COMPRESSION","FL_BITMAP_MIPMAP","FL_BITMAP_QUALITY_HIGH","FL_BITMAP_PRECOMPUTED_INV_AVG"],"InvAvgColor":[1.1908154487609863,1.9718112945556641,38.619949340820312],"HasTransp":true}