{"Version":2,"SourceFileDate":133413071263061207,"Flags":["FL_BITMAP_COMPRESSION","FL_BITMAP_MIPMAP","FL_BITMAP_QUALITY_HIGH","FL_BITMAP_PRECOMPUTED_INV_AVG"],"InvAvgColor":[1.1871074438095093,1.965692400932312,38.502376556396484],"HasTransp":true}