{"Version":2,"SourceFileDate":133413071266871164,"Flags":["FL_BITMAP_COMPRESSION","FL_BITMAP_MIPMAP","FL_BITMAP_QUALITY_HIGH","FL_BITMAP_PRECOMPUTED_INV_AVG"],"InvAvgColor":[1.1869428157806396,1.965474009513855,38.495658874511719],"HasTransp":true}