{"Version":2,"SourceFileDate":133413071266440653,"Flags":["FL_BITMAP_COMPRESSION","FL_BITMAP_MIPMAP","FL_BITMAP_QUALITY_HIGH","FL_BITMAP_PRECOMPUTED_INV_AVG"],"InvAvgColor":[1.1950473785400391,1.9787987470626831,38.752094268798828],"HasTransp":true}