{"Version":2,"SourceFileDate":133413071260651726,"Flags":["FL_BITMAP_COMPRESSION","FL_BITMAP_MIPMAP","FL_BITMAP_QUALITY_HIGH","FL_BITMAP_PRECOMPUTED_INV_AVG"],"InvAvgColor":[1.2015879154205322,1.9896433353424072,38.955886840820312],"HasTransp":true}