{"Version":2,"SourceFileDate":133413071264843973,"Flags":["FL_BITMAP_COMPRESSION","FL_BITMAP_MIPMAP","FL_BITMAP_QUALITY_HIGH","FL_BITMAP_PRECOMPUTED_INV_AVG"],"InvAvgColor":[1.1713401079177856,1.939583420753479,38.005313873291016],"HasTransp":true}