{"Version":2,"SourceFileDate":133927404630077858,"Flags":["FL_BITMAP_COMPRESSION","FL_BITMAP_MIPMAP","FL_BITMAP_QUALITY_HIGH","FL_BITMAP_PRECOMPUTED_INV_AVG"],"InvAvgColor":[1.2045838832855225,1.9946120977401733,39.053146362304688],"HasTransp":true}