{"Version":2,"SourceFileDate":133413071259767577,"Flags":["FL_BITMAP_COMPRESSION","FL_BITMAP_MIPMAP","FL_BITMAP_QUALITY_HIGH","FL_BITMAP_PRECOMPUTED_INV_AVG"],"InvAvgColor":[1.2009869813919067,1.9886451959609985,38.935832977294922],"HasTransp":true}