{"Version":2,"SourceFileDate":133927404630198178,"Flags":["FL_BITMAP_COMPRESSION","FL_BITMAP_MIPMAP","FL_BITMAP_QUALITY_HIGH","FL_BITMAP_PRECOMPUTED_INV_AVG"],"InvAvgColor":[1.2043442726135254,1.9943541288375854,39.077823638916016],"HasTransp":true}