{"Version":2,"SourceFileDate":133927404630253332,"Flags":["FL_BITMAP_COMPRESSION","FL_BITMAP_MIPMAP","FL_BITMAP_QUALITY_HIGH","FL_BITMAP_PRECOMPUTED_INV_AVG"],"InvAvgColor":[1.1909576654434204,1.9720789194107056,38.612358093261719],"HasTransp":true}