{"Version":2,"SourceFileDate":133927404630318457,"Flags":["FL_BITMAP_COMPRESSION","FL_BITMAP_MIPMAP","FL_BITMAP_QUALITY_HIGH","FL_BITMAP_PRECOMPUTED_INV_AVG"],"InvAvgColor":[1.1572713851928711,1.9164553880691528,37.549861907958984],"HasTransp":true}