{"Version":2,"SourceFileDate":133413071266810963,"Flags":["FL_BITMAP_COMPRESSION","FL_BITMAP_MIPMAP","FL_BITMAP_QUALITY_HIGH","FL_BITMAP_PRECOMPUTED_INV_AVG"],"InvAvgColor":[1.1870220899581909,1.9655705690383911,38.495285034179688],"HasTransp":true}