{"Version":2,"SourceFileDate":133413071263982611,"Flags":["FL_BITMAP_COMPRESSION","FL_BITMAP_MIPMAP","FL_BITMAP_QUALITY_HIGH","FL_BITMAP_PRECOMPUTED_INV_AVG"],"InvAvgColor":[1.1832139492034912,1.9592931270599365,38.374179840087891],"HasTransp":true}