{"Version":2,"SourceFileDate":133927404630513994,"Flags":["FL_BITMAP_COMPRESSION","FL_BITMAP_MIPMAP","FL_BITMAP_QUALITY_HIGH","FL_BITMAP_PRECOMPUTED_INV_AVG"],"InvAvgColor":[1.1831740140914917,1.9592733383178711,38.371799468994141],"HasTransp":true}