{"Version":2,"SourceFileDate":133413071261641701,"Flags":["FL_BITMAP_COMPRESSION","FL_BITMAP_MIPMAP","FL_BITMAP_QUALITY_HIGH","FL_BITMAP_PRECOMPUTED_INV_AVG"],"InvAvgColor":[1.1912270784378052,1.9725137948989868,38.626575469970703],"HasTransp":true}