{"Version":2,"SourceFileDate":133413071260490433,"Flags":["FL_BITMAP_COMPRESSION","FL_BITMAP_MIPMAP","FL_BITMAP_QUALITY_HIGH","FL_BITMAP_PRECOMPUTED_INV_AVG"],"InvAvgColor":[1.197862982749939,1.9835089445114136,38.833782196044922],"HasTransp":true}