{"Version":2,"SourceFileDate":133927404630699454,"Flags":["FL_BITMAP_COMPRESSION","FL_BITMAP_MIPMAP","FL_BITMAP_QUALITY_HIGH","FL_BITMAP_PRECOMPUTED_INV_AVG"],"InvAvgColor":[1.167783260345459,1.9337257146835327,37.888557434082031],"HasTransp":true}