{"Version":2,"SourceFileDate":133927404630829686,"Flags":["FL_BITMAP_COMPRESSION","FL_BITMAP_MIPMAP","FL_BITMAP_QUALITY_HIGH","FL_BITMAP_PRECOMPUTED_INV_AVG"],"InvAvgColor":[1.2147679328918457,2.0115852355957031,39.414390563964844],"HasTransp":true}