{"Version":2,"SourceFileDate":133413071256549042,"Flags":["FL_BITMAP_COMPRESSION","FL_BITMAP_MIPMAP","FL_BITMAP_QUALITY_HIGH","FL_BITMAP_PRECOMPUTED_INV_AVG"],"InvAvgColor":[1.229312539100647,2.0356600284576416,39.866462707519531],"HasTransp":true}