{"Version":2,"SourceFileDate":133413071266951397,"Flags":["FL_BITMAP_COMPRESSION","FL_BITMAP_MIPMAP","FL_BITMAP_QUALITY_HIGH","FL_BITMAP_PRECOMPUTED_INV_AVG"],"InvAvgColor":[1.1744074821472168,1.9447826147079468,38.135410308837891],"HasTransp":true}