{"Version":2,"SourceFileDate":133927404631020217,"Flags":["FL_BITMAP_COMPRESSION","FL_BITMAP_MIPMAP","FL_BITMAP_QUALITY_HIGH","FL_BITMAP_PRECOMPUTED_INV_AVG"],"InvAvgColor":[1.2339422702789307,2.0433139801025391,40.018527984619141],"HasTransp":true}