{"Version":2,"SourceFileDate":133927404631155619,"Flags":["FL_BITMAP_COMPRESSION","FL_BITMAP_MIPMAP","FL_BITMAP_QUALITY_HIGH","FL_BITMAP_PRECOMPUTED_INV_AVG"],"InvAvgColor":[1.1611006259918213,1.9228272438049316,37.6634521484375],"HasTransp":true}