{"Version":2,"SourceFileDate":133927404631220740,"Flags":["FL_BITMAP_COMPRESSION","FL_BITMAP_MIPMAP","FL_BITMAP_QUALITY_HIGH","FL_BITMAP_PRECOMPUTED_INV_AVG"],"InvAvgColor":[1.1908115148544312,1.9718923568725586,38.606338500976562],"HasTransp":true}