{"Version":2,"SourceFileDate":133413071266560880,"Flags":["FL_BITMAP_COMPRESSION","FL_BITMAP_MIPMAP","FL_BITMAP_QUALITY_HIGH","FL_BITMAP_PRECOMPUTED_INV_AVG"],"InvAvgColor":[1.1871055364608765,1.9657764434814453,38.488918304443359],"HasTransp":true}