{"Version":2,"SourceFileDate":133413071266926263,"Flags":["FL_BITMAP_COMPRESSION","FL_BITMAP_MIPMAP","FL_BITMAP_QUALITY_HIGH","FL_BITMAP_PRECOMPUTED_INV_AVG"],"InvAvgColor":[1.1869410276412964,1.9655582904815674,38.482208251953125],"HasTransp":true}