{"Version":2,"SourceFileDate":133927404631406055,"Flags":["FL_BITMAP_COMPRESSION","FL_BITMAP_MIPMAP","FL_BITMAP_QUALITY_HIGH","FL_BITMAP_PRECOMPUTED_INV_AVG"],"InvAvgColor":[1.1951738595962524,1.9790889024734497,38.742900848388672],"HasTransp":true}