{"Version":2,"SourceFileDate":133927404631461175,"Flags":["FL_BITMAP_COMPRESSION","FL_BITMAP_MIPMAP","FL_BITMAP_QUALITY_HIGH","FL_BITMAP_PRECOMPUTED_INV_AVG"],"InvAvgColor":[1.2018539905548096,1.9901576042175293,38.951358795166016],"HasTransp":true}