{"Version":2,"SourceFileDate":133927404631527189,"Flags":["FL_BITMAP_COMPRESSION","FL_BITMAP_MIPMAP","FL_BITMAP_QUALITY_HIGH","FL_BITMAP_PRECOMPUTED_INV_AVG"],"InvAvgColor":[1.1714615821838379,1.9398620128631592,37.996475219726562],"HasTransp":true}