{"Version":2,"SourceFileDate":133927404631587452,"Flags":["FL_BITMAP_COMPRESSION","FL_BITMAP_MIPMAP","FL_BITMAP_QUALITY_HIGH","FL_BITMAP_PRECOMPUTED_INV_AVG"],"InvAvgColor":[1.1544452905654907,1.9118685722351074,37.484718322753906],"HasTransp":true}