{"Version":2,"SourceFileDate":133413071252958041,"Flags":["FL_BITMAP_COMPRESSION","FL_BITMAP_MIPMAP","FL_BITMAP_QUALITY_HIGH","FL_BITMAP_PRECOMPUTED_INV_AVG"],"InvAvgColor":[1.2042988538742065,1.9942609071731567,39.076290130615234],"HasTransp":true}