{"Version":2,"SourceFileDate":133413071259155765,"Flags":["FL_BITMAP_COMPRESSION","FL_BITMAP_MIPMAP","FL_BITMAP_QUALITY_HIGH","FL_BITMAP_PRECOMPUTED_INV_AVG"],"InvAvgColor":[1.2014209032058716,1.9895111322402954,38.978286743164062],"HasTransp":true}