{"Version":2,"SourceFileDate":133927404631863038,"Flags":["FL_BITMAP_COMPRESSION","FL_BITMAP_MIPMAP","FL_BITMAP_QUALITY_HIGH","FL_BITMAP_PRECOMPUTED_INV_AVG"],"InvAvgColor":[1.2117464542388916,2.0065615177154541,39.311542510986328],"HasTransp":true}