{"Version":2,"SourceFileDate":133413071259321116,"Flags":["FL_BITMAP_COMPRESSION","FL_BITMAP_MIPMAP","FL_BITMAP_QUALITY_HIGH","FL_BITMAP_PRECOMPUTED_INV_AVG"],"InvAvgColor":[1.2262156009674072,2.0305109024047852,39.761161804199219],"HasTransp":true}