{"Version":2,"SourceFileDate":133927404632008361,"Flags":["FL_BITMAP_COMPRESSION","FL_BITMAP_MIPMAP","FL_BITMAP_QUALITY_HIGH","FL_BITMAP_PRECOMPUTED_INV_AVG"],"InvAvgColor":[1.1716278791427612,1.9401777982711792,38.040630340576172],"HasTransp":true}