{"Version":2,"SourceFileDate":133413071256473680,"Flags":["FL_BITMAP_COMPRESSION","FL_BITMAP_MIPMAP","FL_BITMAP_QUALITY_HIGH","FL_BITMAP_PRECOMPUTED_INV_AVG"],"InvAvgColor":[1.224956750869751,2.0284199714660645,39.722301483154297],"HasTransp":true}