{"Version":2,"SourceFileDate":133399921998958237,"Flags":["FL_BITMAP_COMPRESSION","FL_BITMAP_MIPMAP","FL_BITMAP_QUALITY_HIGH","FL_BITMAP_PRECOMPUTED_INV_AVG"],"InvAvgColor":[1.089539647102356,1.8044290542602539,35.436607360839844],"HasTransp":true}