{"Version":2,"SourceFileDate":133413071245696677,"Flags":["FL_BITMAP_COMPRESSION","FL_BITMAP_MIPMAP","FL_BITMAP_QUALITY_HIGH","FL_BITMAP_PRECOMPUTED_INV_AVG"],"InvAvgColor":[1.168753981590271,1.9354534149169922,37.905086517333984],"HasTransp":true}