{"Version":2,"SourceFileDate":133927404632329019,"Flags":["FL_BITMAP_COMPRESSION","FL_BITMAP_MIPMAP","FL_BITMAP_QUALITY_HIGH","FL_BITMAP_PRECOMPUTED_INV_AVG"],"InvAvgColor":[1.1988581418991089,1.9851657152175903,38.860118865966797],"HasTransp":true}