{"Version":2,"SourceFileDate":133927404632389291,"Flags":["FL_BITMAP_COMPRESSION","FL_BITMAP_MIPMAP","FL_BITMAP_QUALITY_HIGH","FL_BITMAP_PRECOMPUTED_INV_AVG"],"InvAvgColor":[1.1951020956039429,1.9789673089981079,38.74114990234375],"HasTransp":true}