{"Version":2,"SourceFileDate":133413071253801131,"Flags":["FL_BITMAP_COMPRESSION","FL_BITMAP_MIPMAP","FL_BITMAP_QUALITY_HIGH","FL_BITMAP_PRECOMPUTED_INV_AVG"],"InvAvgColor":[1.1950682401657104,1.9789584875106812,38.738933563232422],"HasTransp":true}