{"Version":2,"SourceFileDate":133927404632524709,"Flags":["FL_BITMAP_COMPRESSION","FL_BITMAP_MIPMAP","FL_BITMAP_QUALITY_HIGH","FL_BITMAP_PRECOMPUTED_INV_AVG"],"InvAvgColor":[1.2031451463699341,1.9922442436218262,38.99383544921875],"HasTransp":true}