{"Version":2,"SourceFileDate":133927404632589889,"Flags":["FL_BITMAP_COMPRESSION","FL_BITMAP_MIPMAP","FL_BITMAP_QUALITY_HIGH","FL_BITMAP_PRECOMPUTED_INV_AVG"],"InvAvgColor":[1.2099109888076782,2.0034546852111816,39.204891204833984],"HasTransp":true}