{"Version":2,"SourceFileDate":133927404632644914,"Flags":["FL_BITMAP_COMPRESSION","FL_BITMAP_MIPMAP","FL_BITMAP_QUALITY_HIGH","FL_BITMAP_PRECOMPUTED_INV_AVG"],"InvAvgColor":[1.1792479753494263,1.9527062177658081,38.242275238037109],"HasTransp":true}