{"Version":2,"SourceFileDate":133413071260179503,"Flags":["FL_BITMAP_COMPRESSION","FL_BITMAP_MIPMAP","FL_BITMAP_QUALITY_HIGH","FL_BITMAP_PRECOMPUTED_INV_AVG"],"InvAvgColor":[1.212806224822998,2.0082650184631348,39.298496246337891],"HasTransp":true}