{"Version":2,"SourceFileDate":133927404632780227,"Flags":["FL_BITMAP_COMPRESSION","FL_BITMAP_MIPMAP","FL_BITMAP_QUALITY_HIGH","FL_BITMAP_PRECOMPUTED_INV_AVG"],"InvAvgColor":[1.2091622352600098,2.0022196769714355,39.179775238037109],"HasTransp":true}