{"Version":2,"SourceFileDate":133927404632845302,"Flags":["FL_BITMAP_COMPRESSION","FL_BITMAP_MIPMAP","FL_BITMAP_QUALITY_HIGH","FL_BITMAP_PRECOMPUTED_INV_AVG"],"InvAvgColor":[1.1688116788864136,1.9354773759841919,37.915626525878906],"HasTransp":true}