{"Version":2,"SourceFileDate":133927404632900486,"Flags":["FL_BITMAP_COMPRESSION","FL_BITMAP_MIPMAP","FL_BITMAP_QUALITY_HIGH","FL_BITMAP_PRECOMPUTED_INV_AVG"],"InvAvgColor":[1.1364583969116211,1.8820561170578003,36.895561218261719],"HasTransp":true}