{"Version":2,"SourceFileDate":133927404632965653,"Flags":["FL_BITMAP_COMPRESSION","FL_BITMAP_MIPMAP","FL_BITMAP_QUALITY_HIGH","FL_BITMAP_PRECOMPUTED_INV_AVG"],"InvAvgColor":[1.1650229692459106,1.9292116165161133,37.80279541015625],"HasTransp":true}