{"Version":2,"SourceFileDate":133413071264532246,"Flags":["FL_BITMAP_COMPRESSION","FL_BITMAP_MIPMAP","FL_BITMAP_QUALITY_HIGH","FL_BITMAP_PRECOMPUTED_INV_AVG"],"InvAvgColor":[1.1615825891494751,1.9235271215438843,37.693962097167969],"HasTransp":true}