{"Version":2,"SourceFileDate":133927404633090958,"Flags":["FL_BITMAP_COMPRESSION","FL_BITMAP_MIPMAP","FL_BITMAP_QUALITY_HIGH","FL_BITMAP_PRECOMPUTED_INV_AVG"],"InvAvgColor":[1.1613180637359619,1.9231482744216919,37.683773040771484],"HasTransp":true}