{"Version":2,"SourceFileDate":133413071263031146,"Flags":["FL_BITMAP_COMPRESSION","FL_BITMAP_MIPMAP","FL_BITMAP_QUALITY_HIGH","FL_BITMAP_PRECOMPUTED_INV_AVG"],"InvAvgColor":[1.1691837310791016,1.9360753297805786,37.933269500732422],"HasTransp":true}