{"Version":2,"SourceFileDate":133927404633210771,"Flags":["FL_BITMAP_COMPRESSION","FL_BITMAP_MIPMAP","FL_BITMAP_QUALITY_HIGH","FL_BITMAP_PRECOMPUTED_INV_AVG"],"InvAvgColor":[1.1754580736160278,1.9464795589447021,38.128982543945312],"HasTransp":true}