{"Version":2,"SourceFileDate":133927404633265883,"Flags":["FL_BITMAP_COMPRESSION","FL_BITMAP_MIPMAP","FL_BITMAP_QUALITY_HIGH","FL_BITMAP_PRECOMPUTED_INV_AVG"],"InvAvgColor":[1.1464955806732178,1.898542046546936,37.217864990234375],"HasTransp":true}