{"Version":2,"SourceFileDate":133927404633341019,"Flags":["FL_BITMAP_COMPRESSION","FL_BITMAP_MIPMAP","FL_BITMAP_QUALITY_HIGH","FL_BITMAP_PRECOMPUTED_INV_AVG"],"InvAvgColor":[1.1783102750778198,1.9512107372283936,38.221687316894531],"HasTransp":true}