{"Version":2,"SourceFileDate":133927404633406193,"Flags":["FL_BITMAP_COMPRESSION","FL_BITMAP_MIPMAP","FL_BITMAP_QUALITY_HIGH","FL_BITMAP_PRECOMPUTED_INV_AVG"],"InvAvgColor":[1.1747512817382812,1.9453138113021851,38.105228424072266],"HasTransp":true}