{"Version":2,"SourceFileDate":133413071265803282,"Flags":["FL_BITMAP_COMPRESSION","FL_BITMAP_MIPMAP","FL_BITMAP_QUALITY_HIGH","FL_BITMAP_PRECOMPUTED_INV_AVG"],"InvAvgColor":[1.1988793611526489,1.9851474761962891,38.862644195556641],"HasTransp":true}