{"Version":2,"SourceFileDate":133927404633531473,"Flags":["FL_BITMAP_COMPRESSION","FL_BITMAP_MIPMAP","FL_BITMAP_QUALITY_HIGH","FL_BITMAP_PRECOMPUTED_INV_AVG"],"InvAvgColor":[1.1648739576339722,1.928992748260498,37.790809631347656],"HasTransp":true}