{"Version":2,"SourceFileDate":133927404633596564,"Flags":["FL_BITMAP_COMPRESSION","FL_BITMAP_MIPMAP","FL_BITMAP_QUALITY_HIGH","FL_BITMAP_PRECOMPUTED_INV_AVG"],"InvAvgColor":[1.1948935985565186,1.9785565137863159,38.744117736816406],"HasTransp":true}