{"Version":2,"SourceFileDate":133927404633661759,"Flags":["FL_BITMAP_COMPRESSION","FL_BITMAP_MIPMAP","FL_BITMAP_QUALITY_HIGH","FL_BITMAP_PRECOMPUTED_INV_AVG"],"InvAvgColor":[1.1911623477935791,1.9723992347717285,38.625858306884766],"HasTransp":true}