{"Version":2,"SourceFileDate":133927404633726854,"Flags":["FL_BITMAP_COMPRESSION","FL_BITMAP_MIPMAP","FL_BITMAP_QUALITY_HIGH","FL_BITMAP_PRECOMPUTED_INV_AVG"],"InvAvgColor":[1.1909966468811035,1.9721795320510864,38.619098663330078],"HasTransp":true}