{"Version":2,"SourceFileDate":133927404633787119,"Flags":["FL_BITMAP_COMPRESSION","FL_BITMAP_MIPMAP","FL_BITMAP_QUALITY_HIGH","FL_BITMAP_PRECOMPUTED_INV_AVG"],"InvAvgColor":[1.1991522312164307,1.9855878353118896,38.877037048339844],"HasTransp":true}