{"Version":2,"SourceFileDate":133413071245195166,"Flags":["FL_BITMAP_COMPRESSION","FL_BITMAP_MIPMAP","FL_BITMAP_QUALITY_HIGH","FL_BITMAP_PRECOMPUTED_INV_AVG"],"InvAvgColor":[1.2058731317520142,1.9967232942581177,39.086826324462891],"HasTransp":true}