{"Version":2,"SourceFileDate":133927404633917450,"Flags":["FL_BITMAP_COMPRESSION","FL_BITMAP_MIPMAP","FL_BITMAP_QUALITY_HIGH","FL_BITMAP_PRECOMPUTED_INV_AVG"],"InvAvgColor":[1.1755294799804688,1.9464982748031616,38.134029388427734],"HasTransp":true}