{"Version":2,"SourceFileDate":133413071255443868,"Flags":["FL_BITMAP_COMPRESSION","FL_BITMAP_MIPMAP","FL_BITMAP_QUALITY_HIGH","FL_BITMAP_PRECOMPUTED_INV_AVG"],"InvAvgColor":[1.1119561195373535,1.8414769172668457,36.144161224365234],"HasTransp":true}