{"Version":2,"SourceFileDate":133927404634052927,"Flags":["FL_BITMAP_COMPRESSION","FL_BITMAP_MIPMAP","FL_BITMAP_QUALITY_HIGH","FL_BITMAP_PRECOMPUTED_INV_AVG"],"InvAvgColor":[1.1460716724395752,1.8979566097259521,37.191120147705078],"HasTransp":true}