{"Version":2,"SourceFileDate":133927404634117981,"Flags":["FL_BITMAP_COMPRESSION","FL_BITMAP_MIPMAP","FL_BITMAP_QUALITY_HIGH","FL_BITMAP_PRECOMPUTED_INV_AVG"],"InvAvgColor":[1.1751179695129395,1.9459184408187866,38.114044189453125],"HasTransp":true}