{"Version":2,"SourceFileDate":133413071263522650,"Flags":["FL_BITMAP_COMPRESSION","FL_BITMAP_MIPMAP","FL_BITMAP_QUALITY_HIGH","FL_BITMAP_PRECOMPUTED_INV_AVG"],"InvAvgColor":[1.1715089082717896,1.9399623870849609,37.999595642089844],"HasTransp":true}