{"Version":2,"SourceFileDate":133413071266770976,"Flags":["FL_BITMAP_COMPRESSION","FL_BITMAP_MIPMAP","FL_BITMAP_QUALITY_HIGH","FL_BITMAP_PRECOMPUTED_INV_AVG"],"InvAvgColor":[1.1713486909866333,1.9397498369216919,37.993053436279297],"HasTransp":true}