{"Version":2,"SourceFileDate":133927404634308433,"Flags":["FL_BITMAP_COMPRESSION","FL_BITMAP_MIPMAP","FL_BITMAP_QUALITY_HIGH","FL_BITMAP_PRECOMPUTED_INV_AVG"],"InvAvgColor":[1.1157808303833008,1.8477833271026611,36.268451690673828],"HasTransp":true}