{"Version":2,"SourceFileDate":133413071266590882,"Flags":["FL_BITMAP_COMPRESSION","FL_BITMAP_MIPMAP","FL_BITMAP_QUALITY_HIGH","FL_BITMAP_PRECOMPUTED_INV_AVG"],"InvAvgColor":[1.2049565315246582,1.9952712059020996,39.048954010009766],"HasTransp":true}