{"Version":2,"SourceFileDate":133413071263001040,"Flags":["FL_BITMAP_COMPRESSION","FL_BITMAP_MIPMAP","FL_BITMAP_QUALITY_HIGH","FL_BITMAP_PRECOMPUTED_INV_AVG"],"InvAvgColor":[1.2011599540710449,1.9890061616897583,38.928760528564453],"HasTransp":true}