{"Version":2,"SourceFileDate":133927404634498907,"Flags":["FL_BITMAP_COMPRESSION","FL_BITMAP_MIPMAP","FL_BITMAP_QUALITY_HIGH","FL_BITMAP_PRECOMPUTED_INV_AVG"],"InvAvgColor":[1.2008538246154785,1.9885624647140503,38.917163848876953],"HasTransp":true}