{"Version":2,"SourceFileDate":133413071262163063,"Flags":["FL_BITMAP_COMPRESSION","FL_BITMAP_MIPMAP","FL_BITMAP_QUALITY_HIGH","FL_BITMAP_PRECOMPUTED_INV_AVG"],"InvAvgColor":[1.2092896699905396,2.0024261474609375,39.184055328369141],"HasTransp":true}