{"Version":2,"SourceFileDate":133927404634619113,"Flags":["FL_BITMAP_COMPRESSION","FL_BITMAP_MIPMAP","FL_BITMAP_QUALITY_HIGH","FL_BITMAP_PRECOMPUTED_INV_AVG"],"InvAvgColor":[1.2159792184829712,2.0135183334350586,39.392181396484375],"HasTransp":true}