{"Version":2,"SourceFileDate":133413071263357252,"Flags":["FL_BITMAP_COMPRESSION","FL_BITMAP_MIPMAP","FL_BITMAP_QUALITY_HIGH","FL_BITMAP_PRECOMPUTED_INV_AVG"],"InvAvgColor":[1.1850117444992065,1.9622652530670166,38.420459747314453],"HasTransp":true}