{"Version":2,"SourceFileDate":133413071263407248,"Flags":["FL_BITMAP_COMPRESSION","FL_BITMAP_MIPMAP","FL_BITMAP_QUALITY_HIGH","FL_BITMAP_PRECOMPUTED_INV_AVG"],"InvAvgColor":[1.344491720199585,2.2263805866241455,43.577033996582031],"HasTransp":true}