{"Version":2,"SourceFileDate":133413071264174316,"Flags":["FL_BITMAP_COMPRESSION","FL_BITMAP_MIPMAP","FL_BITMAP_QUALITY_HIGH","FL_BITMAP_PRECOMPUTED_INV_AVG"],"InvAvgColor":[1.2189035415649414,2.0183770656585693,39.486686706542969],"HasTransp":true}