{"Version":2,"SourceFileDate":133927404634864619,"Flags":["FL_BITMAP_COMPRESSION","FL_BITMAP_MIPMAP","FL_BITMAP_QUALITY_HIGH","FL_BITMAP_PRECOMPUTED_INV_AVG"],"InvAvgColor":[1.215222954750061,2.0122709274291992,39.366825103759766],"HasTransp":true}