{"Version":2,"SourceFileDate":133413071264772253,"Flags":["FL_BITMAP_COMPRESSION","FL_BITMAP_MIPMAP","FL_BITMAP_QUALITY_HIGH","FL_BITMAP_PRECOMPUTED_INV_AVG"],"InvAvgColor":[1.1745905876159668,1.9450541734695435,38.094841003417969],"HasTransp":true}