{"Version":2,"SourceFileDate":133927404634990005,"Flags":["FL_BITMAP_COMPRESSION","FL_BITMAP_MIPMAP","FL_BITMAP_QUALITY_HIGH","FL_BITMAP_PRECOMPUTED_INV_AVG"],"InvAvgColor":[1.1418255567550659,1.8909561634063721,37.061985015869141],"HasTransp":true}