{"Version":2,"SourceFileDate":133927404635065115,"Flags":["FL_BITMAP_COMPRESSION","FL_BITMAP_MIPMAP","FL_BITMAP_QUALITY_HIGH","FL_BITMAP_PRECOMPUTED_INV_AVG"],"InvAvgColor":[1.1706482172012329,1.9385414123535156,37.976902008056641],"HasTransp":true}