{"Version":2,"SourceFileDate":133927404635130250,"Flags":["FL_BITMAP_COMPRESSION","FL_BITMAP_MIPMAP","FL_BITMAP_QUALITY_HIGH","FL_BITMAP_PRECOMPUTED_INV_AVG"],"InvAvgColor":[1.1670665740966797,1.9326303005218506,37.863269805908203],"HasTransp":true}