{"Version":2,"SourceFileDate":133927404635190481,"Flags":["FL_BITMAP_COMPRESSION","FL_BITMAP_MIPMAP","FL_BITMAP_QUALITY_HIGH","FL_BITMAP_PRECOMPUTED_INV_AVG"],"InvAvgColor":[1.1669075489044189,1.9324194192886353,37.856777191162109],"HasTransp":true}