{"Version":2,"SourceFileDate":133927404635255544,"Flags":["FL_BITMAP_COMPRESSION","FL_BITMAP_MIPMAP","FL_BITMAP_QUALITY_HIGH","FL_BITMAP_PRECOMPUTED_INV_AVG"],"InvAvgColor":[1.174735426902771,1.9452908039093018,38.104598999023438],"HasTransp":true}