{"Version":2,"SourceFileDate":133927404635320652,"Flags":["FL_BITMAP_COMPRESSION","FL_BITMAP_MIPMAP","FL_BITMAP_QUALITY_HIGH","FL_BITMAP_PRECOMPUTED_INV_AVG"],"InvAvgColor":[1.1813068389892578,1.9561722278594971,38.310352325439453],"HasTransp":true}