{"Version":2,"SourceFileDate":133927404635396292,"Flags":["FL_BITMAP_COMPRESSION","FL_BITMAP_MIPMAP","FL_BITMAP_QUALITY_HIGH","FL_BITMAP_PRECOMPUTED_INV_AVG"],"InvAvgColor":[1.1519428491592407,1.9075767993927002,37.386608123779297],"HasTransp":true}