{"Version":2,"SourceFileDate":133413071264088999,"Flags":["FL_BITMAP_COMPRESSION","FL_BITMAP_MIPMAP","FL_BITMAP_QUALITY_HIGH","FL_BITMAP_PRECOMPUTED_INV_AVG"],"InvAvgColor":[1.1839438676834106,1.9605623483657837,38.395473480224609],"HasTransp":true}