{"Version":2,"SourceFileDate":133927404635521690,"Flags":["FL_BITMAP_COMPRESSION","FL_BITMAP_MIPMAP","FL_BITMAP_QUALITY_HIGH","FL_BITMAP_PRECOMPUTED_INV_AVG"],"InvAvgColor":[1.1805926561355591,1.9549942016601562,38.286357879638672],"HasTransp":true}