{"Version":2,"SourceFileDate":133413071263246875,"Flags":["FL_BITMAP_COMPRESSION","FL_BITMAP_MIPMAP","FL_BITMAP_QUALITY_HIGH","FL_BITMAP_PRECOMPUTED_INV_AVG"],"InvAvgColor":[1.2049779891967773,1.9952527284622192,39.051506042480469],"HasTransp":true}