{"Version":2,"SourceFileDate":133413071266891163,"Flags":["FL_BITMAP_COMPRESSION","FL_BITMAP_MIPMAP","FL_BITMAP_QUALITY_HIGH","FL_BITMAP_PRECOMPUTED_INV_AVG"],"InvAvgColor":[1.1706116199493408,1.9385015964508057,37.968772888183594],"HasTransp":true}