{"Version":2,"SourceFileDate":133927404635707093,"Flags":["FL_BITMAP_COMPRESSION","FL_BITMAP_MIPMAP","FL_BITMAP_QUALITY_HIGH","FL_BITMAP_PRECOMPUTED_INV_AVG"],"InvAvgColor":[1.2008117437362671,1.9883708953857422,38.927021026611328],"HasTransp":true}