{"Version":2,"SourceFileDate":133927404635762193,"Flags":["FL_BITMAP_COMPRESSION","FL_BITMAP_MIPMAP","FL_BITMAP_QUALITY_HIGH","FL_BITMAP_PRECOMPUTED_INV_AVG"],"InvAvgColor":[1.1971778869628906,1.9823675155639648,38.812282562255859],"HasTransp":true}