{"Version":2,"SourceFileDate":133413071262107823,"Flags":["FL_BITMAP_COMPRESSION","FL_BITMAP_MIPMAP","FL_BITMAP_QUALITY_HIGH","FL_BITMAP_PRECOMPUTED_INV_AVG"],"InvAvgColor":[1.1774080991744995,1.9496709108352661,38.184478759765625],"HasTransp":true}