{"Version":2,"SourceFileDate":133927404635897538,"Flags":["FL_BITMAP_COMPRESSION","FL_BITMAP_MIPMAP","FL_BITMAP_QUALITY_HIGH","FL_BITMAP_PRECOMPUTED_INV_AVG"],"InvAvgColor":[1.2110058069229126,2.0052878856658936,39.242462158203125],"HasTransp":true}