{"Version":2,"SourceFileDate":133927404635962701,"Flags":["FL_BITMAP_COMPRESSION","FL_BITMAP_MIPMAP","FL_BITMAP_QUALITY_HIGH","FL_BITMAP_PRECOMPUTED_INV_AVG"],"InvAvgColor":[1.2072279453277588,1.9990286827087402,39.119113922119141],"HasTransp":true}