{"Version":2,"SourceFileDate":133927404636027837,"Flags":["FL_BITMAP_COMPRESSION","FL_BITMAP_MIPMAP","FL_BITMAP_QUALITY_HIGH","FL_BITMAP_PRECOMPUTED_INV_AVG"],"InvAvgColor":[1.2669248580932617,2.0980978012084961,41.101524353027344],"HasTransp":true}