{"Version":2,"SourceFileDate":133927404636088150,"Flags":["FL_BITMAP_COMPRESSION","FL_BITMAP_MIPMAP","FL_BITMAP_QUALITY_HIGH","FL_BITMAP_PRECOMPUTED_INV_AVG"],"InvAvgColor":[1.1932780742645264,1.9759927988052368,38.690624237060547],"HasTransp":true}