{"Version":2,"SourceFileDate":133413072652009089,"Flags":["FL_BITMAP_COMPRESSION","FL_BITMAP_MIPMAP","FL_BITMAP_QUALITY_HIGH","FL_BITMAP_PRECOMPUTED_INV_AVG"],"InvAvgColor":[1.2518446445465088,2.073005199432373,40.656120300292969]}